,x,y
0,-27.56783099013354,32.59424474939393
1,45.267860068307854,-17.635019833725124
2,38.68636957171335,17.349918261564476
3,-24.822216169175107,33.13904323101783
4,43.359665488411586,14.335931476886419
5,20.44273315801773,-28.856899107529248
6,44.71316583076609,-1.2103619009117894
7,-4.927939035192545,-49.19495225861538
8,16.24574225962272,38.79407248558522
9,2.4563008178835357,-50.8800915108629
10,-19.91647267167058,4.460724166348479
11,22.63428225258527,15.958618140159176
12,27.773773046152364,-40.515160154682384
13,37.736834793112706,-34.233698012066505
14,-26.99830998710126,41.122265456880854
15,-45.029785217036704,-8.184764352992966
16,-28.492957506697742,35.869720786285484
17,-13.45945990965772,43.02235259166855
18,-17.829045988552814,-35.019555317270715
19,-18.775142184438813,11.529228997070197
20,26.670007540557474,11.428941280118133
21,-38.93497898087129,5.602811536526884
22,-13.046010936053259,-42.98720299444997
23,27.74410044452221,-34.6902762637397
24,-7.054028487436518,-44.95606764163162
25,25.32842983771651,-39.97616554992131
26,-25.696962194151165,14.556871476577712
27,42.09392455698633,27.523047034300344
28,32.04314248674562,27.87436094224075
29,-35.55388522855446,25.196763973594862
30,30.190407953334272,-36.707331685377596
31,-38.33237349668554,-25.650213555568286
32,9.071392023073468,-33.51667186925719
33,23.784752979852158,7.089892628398459
34,-4.124792407407667,-35.52340402054963
35,-24.66867133807916,-39.01345742520329
36,-24.193544868601244,32.443792514033895
37,42.76452369201672,-13.45527903911665
38,-18.149056204381413,-32.170433328431585
39,-22.294049932530616,34.79511870615551
40,36.810530195388864,-24.690804357581936
41,14.745003471564052,6.068408288359729
42,15.101102839026511,39.76092716129812
43,-17.233894072705684,-34.356777574036606
44,-19.307751636561388,40.80473585351617
45,-36.307983283432684,-30.284994845265146
46,20.169825851937553,5.32169483192618
47,14.17304300233965,16.441643840132325
48,0.6795490301448524,-34.74993405033397
49,20.864719167268667,16.448835619956263
50,-25.733777528000864,29.072723923882617
51,-4.413007540340576,-28.997268880793904
52,-13.48680106235523,-44.59647816578496
53,31.08917307666465,-38.77494685058978
54,45.92194513779838,1.5739565666202788
55,-21.531594423257623,8.315199669953051
56,-16.129857183756783,8.482375651920593
57,-46.42087912159521,10.711304872590091
58,22.666009784377255,-27.07803865355616
59,42.6378374514442,10.724250327147876
60,-37.17420968266119,-30.65206678967268
61,-33.63778941663742,-32.86860334415521
62,44.267225629618046,21.604965912322985
63,-2.0427110892261617,-30.800311023537933
64,16.31497291232728,-50.07533228897388
65,-14.96829350035201,-42.715922002059166
66,30.276347328036742,34.907708240896305
67,20.585918052544102,5.330464298560459
68,-40.85081704306599,-18.91038681566654
69,13.685650611602064,14.843050133295241
70,-34.67313268670063,24.378688372593054
71,42.9905117551624,-10.833090691549916
72,-38.64249725717631,20.76855152184953
73,1.4707907454699778,46.45097672345853
74,-3.6257438543266947,-35.171888618855945
75,42.9089087816917,21.662459611489897
76,-40.34575175888967,-6.440507266997965
77,25.612926609102708,17.768888389226195
78,-43.24577707328969,-5.504766180359018
79,19.081100425054952,21.23234675882361
80,-22.806213726892814,-44.58321129867009
81,26.434719401462033,12.615771057823466
82,-50.22815073605148,-0.7586452058245645
83,-30.909042845245573,-31.164874596102205
84,43.78152844844483,15.875222971961152
85,19.37855809390837,15.932058689846146
86,17.754835368570998,37.78128947253391
87,-19.89695982129173,-24.119858009171843
88,21.73723237040477,-42.39992456558355
89,22.817298542245634,-30.77006473994677
90,-12.456185602340557,40.238765733787865
91,22.9791644982229,-39.379143478397864
92,-29.120003747109184,-34.32758529487864
93,17.064423892495206,-28.998431151216717
94,-41.13893776011349,21.711071492353415
95,-21.33223722890876,15.008529856155684
96,-25.66171112038638,-40.03233762108248
97,36.636306620142264,25.856455553195584
98,2.079996639497901,-47.68827550709758
99,-15.247572126265812,-27.7580700131218
100,28.87615260704678,39.77124170437901
101,-18.604825316469515,21.33474348490252
102,45.49484936696808,-6.273270228336289
103,-35.01412554657423,-32.9229076457962
104,-2.912370072967769,46.33932960553017
105,-23.971705357320342,-37.84783602878164
106,-42.97274357802391,-14.9710452935915
107,47.5368354375151,0.9628058882617485
108,-13.229648522516866,44.31766362412012
109,39.98351638647853,-11.699215622162912
110,30.476249076328862,-41.34076269895921
111,35.23191975007248,-26.51407740031198
112,-18.39739709108245,8.445736992412039
113,46.83861701465047,8.42802143844193
114,44.26501865373071,0.6935334458425158
115,22.197327077346362,15.564834595644264
116,-8.941304509333317,-39.538348601974235
117,-10.840514663235133,16.074726334730308
118,6.924403174409411,-45.96436423372047
119,-22.993724150195522,-26.881454666059614
120,-30.237431000603152,-36.65214017693191
121,10.976603088530814,-43.71184110411654
122,21.771156474983684,37.97325547102645
123,35.38463549469361,-34.87319944412447
124,38.18355890424427,21.775916351764273
125,3.8378969786994417,-35.82854488234266
126,21.767612777493234,11.87015409298237
127,-11.938556386982537,40.41394867018815
128,40.458645406471064,-17.7397811134536
129,-44.58988912145247,0.10864893060869063
130,8.168273550366287,-45.6326110219749
131,20.19824627791223,40.8443560484111
132,46.622208695473375,12.359231739528855
133,32.07390929945867,-31.764989850992993
134,33.216389509151945,29.0033243608268
135,-5.290773613051067,41.457664623246345
136,44.11999046930902,18.66364828330222
137,-33.02877844632013,29.01564789715175
138,-44.433003406796175,-18.54770453029152
139,-43.128559796865254,-18.19163503344142
140,27.743283547760527,13.15562605563985
141,24.85524763971049,-35.72261304895421
142,-5.563302447621358,-45.07962190693019
143,35.05016200639284,-34.081159252389774
144,-0.45982832477324287,-47.7341713115332
145,9.545665751158745,40.912498027132266
146,29.657693277403023,-38.08943580932518
147,-13.031960486551915,18.60236673675577
148,-27.073478727225236,-41.09085342810618
149,6.800785024561259,-39.094605949248724
150,42.79846072153024,6.07235800146751
151,1.2371113813680141,43.78313880583573
152,49.659844236808425,0.47640652567735303
153,-8.627849625668787,45.87028497337691
154,-30.25225194001568,-27.99253491529941
155,-45.760590935401396,8.883826982152984
156,30.630734798654505,-35.854180250714776
157,-16.116250982320857,11.22971006362001
158,31.208724964558744,32.621464866417924
159,23.885322229434724,-43.34923696619401
160,20.057150076171524,-45.41715271646161
161,37.51184382594575,-30.20995583167176
162,-41.59467038616379,-11.569279316987782
163,-12.771584233272376,20.719091532593026
164,25.54901472079925,4.982173521730289
165,-18.497202890116206,37.39347592368566
166,16.999619338068218,9.646342224426515
167,-43.68401219026523,18.218839021468966
168,1.935671995729166,42.876735879743684
169,25.68828913441719,-43.536367244757955
170,-23.370392909658097,-32.29640418726074
171,11.689235191706834,-49.16463933340256
172,-37.13490790171118,27.37245013694062
173,11.785101962677404,42.16440862735797
174,-20.930818815496796,5.471152839379901
175,-34.63685792368757,21.90846084915911
176,34.413458445741625,24.598292017030623
177,20.301744944915523,9.518740543609313
178,-43.415793067343536,1.1090607217220079
179,10.462476644047795,44.9347804854265
180,22.757497024627554,-41.2124303142717
181,-13.09214940233851,14.725824077744825
182,15.623053646007333,39.8790278780623
183,2.9089387950120718,-48.143106384689965
184,-10.963681288056225,42.998168553117495
185,43.358575820262494,-18.851483893337864
186,0.8280651635296015,43.9927274732234
187,25.713567076051888,19.04274358823571
188,22.386538955365562,15.264710486896885
189,-24.903614147358795,-33.55889895458827
190,-20.672339090357017,-42.66900470212028
191,47.58988163801394,1.3515760637658838
192,39.58232487543574,-23.92130069577562
193,-11.927361924206666,-32.58704216474423
194,-44.55528665346947,1.5719574259686184
195,-2.3131747149856006,45.62505096833862
196,43.017642318562665,-16.463464147996945
197,-37.23855493565221,22.273099988899023
198,-25.147893126973308,16.03434423056374
199,-19.44445582373656,-29.60698413374443
200,48.17725382319979,-19.665936654679328
201,33.43294751919609,-36.24971862948163
202,28.96265129440702,38.06257151961996
203,-2.7091060709128145,-44.753479455323294
204,-10.364150112985602,18.79829830490385
205,-20.50629731344946,-40.37091222840779
206,-15.863996019379766,10.261341297812717
207,-29.577842928873775,-26.334903971890114
208,22.288187292276437,14.137161645039273
209,37.49154666946674,20.916039865469926
210,44.40358425042943,-20.67110491540877
211,45.0355612579137,5.038275892747991
212,44.85082053538824,4.388866332682265
213,24.033929674170924,-26.695887662378503
214,-32.92465818095878,26.555683748450843
215,-10.5229825763282,9.500835970875546
216,17.043107090984435,-40.46949090245489
217,-17.707068460900253,-38.458139428324785
218,-45.303082641706915,-0.030211971878757904
219,-12.358830603997506,7.303521741431169
220,19.340206551136937,-30.383074628078777
221,40.94666723502623,18.997496672743384
222,-30.962291609695093,30.014160594021547
223,24.675383789256834,40.03097002330575
224,-11.281219461611434,-32.75963838119319
225,32.76717022675765,-35.11661314045591
226,-8.388162933953916,-36.48598261111279
227,24.764771256404124,15.525430251871645
228,20.58955187455615,-42.18065053557064
229,14.48005032057111,44.223810042445805
230,4.226572421421186,-45.03593341052989
231,-6.224525554608936,44.24010425953194
232,49.329934977970595,11.480082219543762
233,-46.1481725874929,6.375752349679402
234,45.46979781702646,-18.293249057048982
235,-29.315965038711173,-34.68227331389458
236,2.4556184914174897,-45.151647724066
237,24.84156703137988,8.075311139862752
238,49.54579791037028,-16.80205227341553
239,-22.985804946413175,17.34739124494797
240,-19.18896024105032,42.360478739767444
241,-16.55888191327743,18.08318424345223
242,18.61990894912411,-48.82057099446788
243,31.520326035900183,-34.96184133970826
244,15.250505279898645,38.63016763355346
245,-1.1750354089086423,-46.22175059764405
246,39.68032413206322,26.838924391851606
247,48.5477898682578,2.2185457684655363
248,44.2545175723216,8.895087711946253
249,-24.734949365781446,37.89856010546929
250,27.085695702066552,11.874098132162409
251,4.610862970050851,-34.02272254219144
252,-29.061412788672165,33.27546114184797
253,-39.136574281894205,24.25315997588171
254,28.93827022549317,-27.425187213317923
255,17.505493862582323,-40.42036632100271
256,10.232759268603168,-45.52705011802915
257,-46.486211783907336,8.763612395206815
258,-20.43481461023377,34.16883122807897
259,22.974957051921173,17.937423437354287
260,-9.631486890954026,16.49832222255957
261,17.12069379686272,-30.33294701198827
262,-31.63591792395322,-31.883838920992257
263,17.22315528655121,-26.874153803286287
264,14.213812382189253,45.12399874542418
265,21.540076594642905,21.19428559700383
266,31.86036021240487,30.228962892920876
267,-22.484629734262512,-30.974903133086283
268,-39.07493734887805,25.499474943456065
269,5.576319961452688,-43.58082763249814
270,16.925880340489833,21.717623042502243
271,-41.46029689264103,6.463469862900281
272,19.07489212889339,4.935751362122842
273,16.76541845600191,39.90612268656854
274,21.9498856067242,-42.71078784151076
275,38.087820576501336,-9.007104965216975
276,-8.720958125683111,12.229863284194503
277,-43.2288114077442,10.353793621180644
278,0.06802907473252251,-37.197347780446705
279,38.88601352425913,-30.70321654641702
280,-43.00616527334158,-21.512900481022985
281,-7.890844623547153,43.39147536763414
282,-13.510027821406485,-28.609527125463035
283,8.567266895819964,-34.404634475007185
284,22.605596962886864,22.682289185449967
285,8.238164608326844,48.25184747416706
286,47.169404233490894,-8.497342356759464
287,39.98541566827423,-23.513553462960296
288,-24.842806192823456,34.4733327747935
289,-47.48491788530106,2.034578636570908
290,27.741014128716845,-23.822220453625114
291,37.417442911209406,-27.276732500223844
292,-28.759901426119374,-34.83936023612781
293,-30.350996287390554,24.419933854992856
294,13.80444734816538,19.032734810494755
295,42.25967854582142,-4.045731575256605
296,-41.051024575143096,10.746157965484487
297,41.5272047745143,-27.039932150513266
298,-40.487162177027606,-16.78967464561636
299,44.16401943007553,-20.209358029238995
300,26.38784941342834,38.660359906530566
301,-10.368744574570005,-42.89134215926323
302,40.26209777176971,22.367040202732444
303,-25.348119422206036,-25.49479951463341
304,19.698375300471266,-33.07179503037737
305,-5.225826238291756,-47.77457195317635
306,40.59844523603027,11.907810416536721
307,-3.135213500208946,46.915742941094535
308,30.220617286348592,36.87609126407133
309,13.254913249150707,-34.80735556256665
310,-14.97914147798759,7.5050218659607655
311,17.366247339190604,-30.718265272270813
312,23.590539469565623,34.319566093562194
313,5.654836592737477,-46.725288324352455
314,8.1896136358141,-46.86372585170056
315,-20.52201161711816,14.244501397432032
316,27.892737688659537,34.152609980506455
317,45.88015034507465,-1.854601411405702
318,-14.419289984354945,39.95099136106374
319,35.083758301702545,26.19594999006176
320,12.960133748567703,13.608169624589372
321,-13.47398908586147,35.799116074368285
322,45.87118943207886,-4.996840820639216
323,-34.035345784790245,27.982098919310644
324,-12.59029915483158,41.570661979075915
325,46.056492549921124,-11.415517288248584
326,32.06556066225561,-33.22539724707999
327,-16.02649345765125,-41.30623872085247
328,12.407543637600087,12.201849672113442
329,-40.91203580417602,17.66704278133658
330,6.415738890832895,-48.32934213845955
331,-40.694083583930784,-24.337187129930427
332,-30.418488390911474,-35.80481330746835
333,44.00053088374898,-6.093006233459375
334,-4.185356873845213,-37.79318089763976
335,19.525182021214267,-28.099100735220514
336,-30.07473852112735,-26.939483563499554
337,-43.14276813028606,15.015793121861396
338,45.07170592443085,8.338409743746983
339,21.17826375669826,11.287172106098675
340,-5.464543267982744,42.44234756081401
341,-12.293542682849889,40.81852186155191
342,27.790805721905368,-42.78744222883416
343,-44.396670311020486,0.06349587973024956
344,-23.296496927919982,-39.10532677837255
345,10.099195718017016,-35.189854648568
346,-17.161935880249764,-30.108290933679044
347,19.598098152526177,-29.298213284087833
348,8.288047860454277,-33.69074580063498
349,-29.051752576991568,-27.1691452042814
350,43.24197138005803,7.561227949175035
351,-20.57873698801262,30.851388359044535
352,-37.00852115434531,17.428043539857637
353,25.178187345259342,-36.42905960716591
354,-8.019962861592234,8.943156920285915
355,-14.306022467793959,43.82155894495266
356,13.394780186916174,-45.07377709075462
357,-9.486650228942972,44.504125176238475
358,23.35139738097505,-40.453991099132786
359,19.0914071495483,15.044793035554624
360,23.45499566020643,-41.389049743564705
361,17.63731289088057,1.7325271532425663
362,44.63818842751906,3.6110015894037293
363,22.68838240196403,37.653579517616585
364,-17.32148873764322,8.806872081404103
365,43.811625330824974,0.4609175622347863
366,20.263988848749,40.938176823015105
367,1.5441254186448832,-37.00446032603047
368,30.64479632547119,-38.75302919390604
369,5.475322247660227,-38.19527946650274
370,-39.21799173431389,-19.682549278518422
371,-16.72514162126722,41.335030214118966
372,-16.754115170017123,-30.42011122170436
373,17.683215142899922,-31.008402095517535
374,-35.77980510755919,22.25341915570194
375,30.78609714818063,34.9590504635353
376,-22.908398197201016,39.76652714229606
377,16.41186260339826,-47.2287161804071
378,20.877147973457298,10.623851669889486
379,-21.679032873642566,15.516933944631361
380,-13.956103681692525,-42.607551829786594
381,21.61739276971147,14.746973166680684
382,-37.0441937028306,16.387829729022904
383,-10.830446217103,46.34857357494242
384,7.048469290165724,41.09245360654447
385,1.150360895156826,-33.333596600236554
386,42.405649658333466,-16.162576848940617
387,35.70679868616003,-27.663827201939856
388,22.01848383480735,17.523523615274442
389,17.832283633284455,3.9457161738521336
390,-9.78564744118616,-48.28092214861004
391,-44.07440367889408,9.584619297865107
392,-8.141439668514236,-44.125762701658566
393,26.182859316197717,-36.53970924561115
394,20.397220075578467,-29.417616702790497
395,20.685819919757634,38.645129764876906
396,-0.5778426162385552,-46.269567198424404
397,-45.09734440266883,0.12378662977244792
398,22.605747625855315,7.65210697268784
399,-43.66446444660965,2.3461479346669125
400,19.41525699726213,8.6247278219828
401,-32.93649631303752,30.85842747885691
402,-33.28186437166042,33.44529468131056
403,-5.081729452480072,43.49329067611786
404,-33.238522581621645,-37.65942693028618
405,38.94275682477884,17.32723929438208
406,-40.56847582596206,-17.994884281055164
407,-40.54095078534017,4.003869792971885
408,5.849703662403083,-37.24845743705485
409,-39.00542939114973,-18.03877895108104
410,-32.02677380262687,-32.44450252467676
411,23.339309167812722,34.92990673349857
412,-43.57989856886433,-7.094159331984359
413,3.5952052838911666,-49.64373152117671
414,8.585749949450662,40.24970062382938
415,31.786259180975918,-32.2265368984746
416,46.791970039043306,-20.876080091993888
417,-45.953860598072936,1.9053108073082277
418,-18.511045897902367,44.85446514158978
419,-29.318073084629777,-34.79253786304775
420,-20.255993769557165,9.394059365856569
421,23.620098308332558,13.934966335234598
422,42.873823538162284,18.178287532959622
423,2.1298837151917374,-40.16185930454988
424,41.616684246082286,19.395712792023023
425,-26.277536002977932,41.48935069774003
426,37.038977151361074,28.753251555680635
427,-22.37282631645929,8.464819675918708
428,-17.562749805594656,-40.39536279136235
429,48.32567308580378,-3.1479604701519146
430,-37.803792407326256,32.16611256670659
431,30.351011382522543,-25.42930754796684
432,46.202118235324576,-20.9790680467845
433,-44.605748028184834,-0.9364299804271812
434,-0.9937882409876164,-45.145831632936414
435,-39.127266162310264,-15.813945323043177
436,44.113398476698855,-4.7171566391607325
437,-19.4006755675275,-26.160845250736593
438,44.111405477194886,5.015229074138278
439,26.79189323127558,10.357970189235942
440,4.121525791793113,-51.977273157895425
441,-48.79587283259207,-9.97810090042179
442,-43.397403217010066,10.823913241096134
443,16.293808715307748,42.80498601798937
444,-19.036109259522757,12.174210833199345
445,-15.955903121724134,15.546390071346117
446,-40.45023385597968,12.530625245232393
447,19.36603898374166,19.39081428489879
448,-21.28331241734147,8.861162384748313
449,45.03430352424011,11.860965733984289
450,-9.356059319591687,42.40187370385054
451,-13.801119771374836,39.97712287781934
452,13.779677918115306,13.083014501385623
453,25.52502488755771,-35.891814573854866
454,-38.42099169003975,18.735178694929086
455,-44.63201940078512,-11.186401151245182
456,-18.891603911329913,38.90010023288771
457,30.30844016877026,-34.03125334397129
458,19.821130918510736,17.386160686911996
459,40.182047104919945,-23.353690601216254
460,0.3505441970864527,-47.02685810521458
461,-15.58323105730149,16.019975096152024
462,45.18229313154692,15.035115932474678
463,45.609972715263496,-12.60414388921212
464,20.027441282456667,-43.905606228691305
465,12.069615045127676,-33.18392433393073
466,-34.54773105971415,-25.069853531224577
467,16.01641413292898,5.042473829662603
468,42.891463892038786,-16.288473076641296
469,45.884341887432136,-9.512493364045298
470,29.96632917132404,36.05085623569609
471,-24.113140675214183,39.93935868426925
472,47.198286178134005,1.5994805827518142
473,7.5724032603658955,-33.687240235910814
474,35.04474942035113,28.07533002513942
475,-29.721003922586736,-31.58158511196403
476,-1.3972677495735923,46.586703070141
477,22.943324056296216,11.166768943965229
478,-43.61487829827971,-9.878499606698607
479,-3.7221897813610103,46.73353534505058
480,48.20724842125376,-18.100181829666585
481,23.27287951319617,11.70891460517188
482,-21.549653944766494,14.560603133940718
483,-37.69040961936975,-31.746029807797765
484,-29.19322812573425,27.327124479787464
485,22.950085321706823,7.113077968681143
486,45.35070448190768,7.604373878657821
487,-36.33648827801923,18.071329393485588
488,12.705560744592551,12.686502331207796
489,11.732974887575969,15.139746936491013
490,-22.78813384248503,42.008373623047255
491,45.58099223976419,-0.2746848962339621
492,24.181897304995417,8.131002454073673
493,19.11351303460793,11.928665697096061
494,-19.274205751636657,-25.145779522094124
495,3.0558187044713914,-49.02578924492565
496,14.80439015251542,-43.15265101524815
497,27.26879295695681,-22.79872237072307
498,-38.47618901371973,-16.900733542725632
499,-19.670942075292658,-45.66120811509396
500,-7.467345800234755,8.815370954799272
501,26.416106371497758,-26.80208986476873
502,-4.427851075114043,-46.923323304495526
503,-44.69183421654926,-7.941398912711033
504,-1.9497623150808137,-36.12604897184756
505,1.8566128914101174,-50.012875863252646
506,-32.287785191143506,-30.426009143382753
507,7.287232273107167,-43.359271893820896
508,-13.458641899811056,-36.658694228551845
509,6.79371784978746,-32.2830661078103
510,20.403848895469032,37.53233084155158
511,-11.487334893778964,-45.11179097230924
512,-20.40793529492308,11.36024787101788
513,22.762302849043852,-26.749976937301483
514,36.67722637754061,26.052376885496557
515,-13.761954320491899,-31.091470407487556
516,15.132918786411475,-46.974748430163785
517,27.77960054601166,32.25184109014178
518,11.68965135322298,-46.37484752908021
519,5.988938438545542,41.587407404487465
520,23.691130720164644,-41.501381357097614
521,18.36950957676998,13.033271832338984
522,-12.226304186396803,8.690590016209656
523,-43.7761255092737,-7.77275910971384
524,14.8751278297752,20.41099037248796
525,2.3497173470516586,47.61437472243895
526,10.753476992444147,47.61005868986228
527,23.179035656541323,-32.85475943237773
528,36.52079323074157,-32.687111015348755
529,34.457784770856975,-23.764846411723745
530,-3.4596999567015274,40.935738672709455
531,12.823995082002444,40.10786314392449
532,0.0073898598351485045,-48.35885685780495
533,-14.553480477657075,-42.301650089265834
534,-45.77546105480585,-17.717623313981044
535,0.4596744002601219,44.58777935058387
536,1.6410873359348743,44.79158408833981
537,21.71000436241323,-27.253008619308705
538,28.467578169387746,-25.21656278787328
539,22.086346370609256,10.004505567948721
540,43.25116107667162,-11.703230974309418
541,41.351095427953275,-0.1233895402648022
542,-12.906970747677004,0.3494831570825232
543,43.31539729808148,-18.688598889699087
544,-10.763548790781837,15.253638828791516
545,-11.08190760247267,12.464346734536448
546,35.73106366536283,-26.217228635855058
547,17.73358142133592,-33.0886836882837
548,36.018077580776364,-33.21649373433708
549,47.203017217628016,6.433408045891263
550,-31.506183434627793,-35.26539567724518
551,0.8800182431912902,-40.241831636366186
552,22.09966563478303,5.8086128423431305
553,37.38239024501329,-23.93895282883726
554,36.19711785430699,25.511557095769263
555,-5.392106936408363,-51.254539844305086
556,21.46260838580917,-30.71865807009893
557,-34.883180838149265,24.870509450567823
558,41.296758985048555,26.863060238908567
559,2.54165830421023,-35.577665071849275
560,-38.65294079174884,-20.544886068223146
561,47.27597926507136,-2.0148094796017144
562,28.30379845934344,36.08406610979791
563,-9.808523302347629,9.5472337426055
564,-29.253751600237788,37.79402857601865
565,20.955560416819054,36.129252582693745
566,-29.73574070065753,33.37771710796169
567,6.074574428740847,-48.05526910850404
568,-32.26251670015206,-30.153611142978022
569,37.85060470560883,-17.206888647742037
570,-12.196132952811297,41.78132023475094
571,-43.267679987647796,-15.135234790939524
572,-33.85293432759302,31.096756941780345
573,-9.117038058258917,-35.749020901921824
574,-44.314927225129495,15.675169065534675
575,38.38256002902034,-23.136642529818314
576,14.64047232139751,45.701334488638615
577,-14.987335690143599,17.65087376528026
578,16.761188089426216,-49.19591724671364
579,12.172039183549675,14.69079137820393
580,-9.86929393654174,-38.13436095069007
581,3.7917699049772158,-45.21244691940942
582,-36.766228248064685,10.50221456246862
583,25.3031586945474,-39.295678892981314
584,-18.068902327894207,-31.809864270096003
585,17.257063252092593,7.231151129128513
586,-14.157220551070793,16.30615369843978
587,-3.7294384273582546,41.059537235358555
588,29.93255797601477,29.66442730047701
589,45.43192555405102,-2.6280273822972573
590,-23.81071021372948,34.61319931315182
591,-45.08596076473595,1.6235842785156454
592,15.993653165370386,14.422434378230623
593,-24.822422357007834,36.679126574250915
594,22.56614138427023,35.423893550510414
595,-7.985724382147971,-37.554993210007
596,9.604304559750275,39.874628815658035
597,-16.174723509727748,13.725680140266666
598,40.60614978243505,-29.49257117163549
599,-38.73372693123353,-18.506860636044475
600,24.393555358017583,-23.09810092866027
601,2.6624467620380345,42.61157743179993
602,25.602460810944006,-21.551163587469546
603,-34.560674351284426,22.563672097690766
604,42.79553985559443,19.70475380499248
605,-5.161310675714225,41.6139233927802
606,-21.823300910379526,40.234027429242026
607,-32.05646403450946,25.28944055346408
608,44.72291360343029,-0.3422287865836941
609,-2.352552061166121,47.36735672392085
610,-20.300147053027548,15.517158639811154
611,-22.23752395227199,-25.98724675702818
612,45.93413109437051,8.416918274290024
613,27.466087405069537,-35.99498693150832
614,27.031636033855975,12.399966531860526
615,21.407881076744466,6.9299501992890935
616,43.133202763562494,18.44428831516853
617,-39.47805539506885,20.38305643636065
618,0.014077544134284636,42.7862021113901
619,-21.98388405255951,-27.58867076091624
620,-39.41320095808406,-30.821448757858818
621,40.33195740917135,-27.832820642785013
622,-10.299587160029978,21.808377394502823
623,-47.099901542161575,-4.049078845826127
624,-26.447019121039418,-36.27247607798706
625,-29.334585239563715,-30.99744511829785
626,13.138766149964564,-44.54852156804331
627,-43.02537221048011,1.3017650673512922
628,46.32284370647402,2.4248171129542513
629,-10.749913123937969,41.6014235939609
630,42.61358542022179,18.62815954762457
631,-37.32422661240452,-28.459356342960632
632,-19.837090004059007,-30.671146328255194
633,25.631996321455283,39.5224658409308
634,1.7086034727268633,41.667887754538725
635,-11.51915701855501,-29.2066784799307
636,-34.18620349193161,15.542735948834173
637,18.40979775093842,-30.537924803181074
638,3.488280141278672,-50.629521246351494
639,-23.878830980029008,39.92918782872511
640,-19.405369167898392,40.827311301065755
641,-0.9451325589419981,-44.34972488723058
642,-31.371950982804137,18.23483489531368
643,44.85224116552993,15.550478679281547
644,-27.89694244646781,30.009156598629865
645,18.392018085487923,17.32370809767783
646,-31.061711495963465,-27.635596617704316
647,28.175012379276467,35.1793749604042
648,13.212249897590834,-34.48265187309989
649,40.67871407983941,-25.351313871680684
650,-6.909652739046202,-39.26405185426239
651,14.370432011001087,41.291414037965694
652,15.85422513019914,-45.42480419827867
653,12.795432776610099,-44.177263058337616
654,19.66473469338085,38.478571582030845
655,-43.72914615707664,-19.154541263183006
656,-17.001179853903015,-28.837854844332508
657,-5.460523028023019,45.37160640077352
658,2.848798478206968,-51.34364500245824
659,-20.593110107883405,-40.43016774056627
660,18.84053930364045,16.612898272660892
661,40.17667023232905,13.427215192266758
662,32.90503432444066,-28.198284198416793
663,31.925406319487138,32.05103110704569
664,-36.02666842797083,10.496977611601393
665,-31.253812289773517,-28.39609845180096
666,-28.3636021427246,33.52849482078195
667,24.07885976145071,9.225685442046377
668,43.08032077444263,1.9958142335183688
669,-5.821889057004519,45.21821574542442
670,6.8103844447194195,37.203007931595586
671,15.423027086101971,37.124075516423915
672,23.55078828814675,-24.110434524624203
673,-22.33344658604932,35.32994551136976
674,-33.94660926640054,-25.564029570243314
675,12.613587670225774,-46.66549134672768
676,-45.5069343562424,9.409437780301145
677,-1.7485557152908515,-46.81493710153575
678,15.664089205079714,-38.06308672090578
679,-42.50159480710888,-17.838441192756658
680,33.293325328048276,33.424810930275775
681,-25.163383677409456,11.69481434870346
682,-30.509890055455976,29.77126687024203
683,11.961152807338236,-31.755984975210307
684,39.93903069862297,23.487482948387566
685,14.150949337498176,-36.60227078205081
686,-38.54007048190978,-21.27680875929513
687,-43.215338601049666,-21.617472723902054
688,-22.145370748537278,15.366586680028197
689,24.416891899658737,-23.61132899499585
690,25.380422165045676,12.510925378358456
691,-11.695998430480184,43.17490746671208
692,-14.366966816849107,-43.86448653545329
693,-40.11232439379066,-10.388936365701504
694,-37.19387108893735,15.114963181565175
695,-12.483007329679909,42.096336431722825
696,-25.720223032008235,-42.59384457656939
697,-49.07716433679539,-0.6564444266966865
698,9.057020164251437,43.436718710171675
699,-25.88518673794902,31.539780017146043
700,-30.63859275486556,-38.03733061741974
701,19.99076059391014,10.089868922049899
702,16.806936528554015,10.525638704250873
703,-29.507934589839326,27.159652740263518
704,-14.89425760802965,-43.600192702360275
705,-21.498705813734354,-26.430727162577767
706,5.561826016571818,-35.265320213471796
707,-11.921909754511407,-47.23310104699206
708,-47.02369255377466,1.682738523343673
709,-24.317711343578654,-44.54879292913291
710,20.274405022662073,16.659660793398043
711,10.496727832907695,42.93398454917666
712,-24.254270536518355,38.80642587095252
713,-48.68230873677665,-3.0215567525211737
714,43.12007388714174,-19.61139913329049
715,-19.899172408830104,-39.367303006138236
716,17.79888502293257,19.644019146356296
717,42.009752508784025,-13.498961162630824
718,-42.405826370850775,20.91032029601248
719,-17.76491316733527,2.826370258762605
720,40.55823107359091,-18.2307253063354
721,-37.98290085526165,27.02779211196519
722,-10.676292002930474,-32.18623963698013
723,-19.85622779886694,38.07799610713563
724,-19.157813849049514,-42.566293750300396
725,-20.86688043558019,37.52255441231007
726,-24.916101812951588,-35.15968768020302
727,44.96802662839803,-15.681446504260126
728,11.565108075667547,45.61464998601339
729,15.88060179110597,40.43532526240805
730,-11.692902536623556,19.773561704730692
731,16.461730523564913,-45.004113411770035
732,17.873249409785608,17.994476774782076
733,-44.95258392155913,3.287999118670151
734,32.170574016126984,-36.07619570527702
735,48.68259975443732,10.421472504834131
736,-46.84797049730893,1.0179295960802568
737,22.24889163668395,-43.053382280271705
738,19.13460984275792,16.28399012914291
739,-12.815147007911193,-32.695639325919046
740,-1.1746549997028877,-34.318270717131234
741,26.173383952643253,16.40549726104082
742,-18.58156928893625,8.488773259948987
743,-1.813889106403602,-44.11746569561578
744,32.31091033562192,29.406247112355583
745,6.385720259827617,-36.061805668364414
746,44.26368787171274,-9.986125661959
747,34.73394406877923,28.201270227343688
748,28.884036695489872,17.100610979803943
749,10.304234806932886,43.44700099753758
750,42.71662305288274,-22.70388637370625
751,49.33257233721958,-14.26558109193379
752,-42.55858500522529,1.277079102879393
753,18.977083994399365,8.64168694594428
754,-1.5472929468476155,-45.17187458567139
755,14.364963545356659,43.27228156916307
756,45.10219209308153,19.228982337784956
757,-13.924550025818807,-49.12810991533144
758,8.315572546045814,-50.33710436770442
759,-44.308951883426765,-8.691906061985577
760,10.213707693817446,-30.657294557958195
761,-17.75766871000489,41.196841276532226
762,-15.456176879628117,-33.44964325110819
763,0.17030251938841934,-48.77774896777673
764,35.93333084775353,22.002749835136278
765,-15.243807164230885,-34.105147330462344
766,41.772353661225466,14.452429607799532
767,-35.63808470264981,-32.77313351038278
768,8.932661961348499,-41.183078544571615
769,-8.704877610589296,-35.22626941235435
770,44.36352507585529,20.718684243084258
771,43.073076917793,-1.1695612177789798
772,23.384033511684702,-29.863673523042777
773,44.383508213502516,11.572113176164464
774,-42.2820771253584,15.273800494581941
775,-12.289052737862614,-34.375774011437564
776,1.7824550054463937,45.24984086875713
777,46.08648328176312,8.946748775834628
778,-0.4802957226175171,-43.60285292294583
779,-38.66513472859749,-22.94667370379363
780,24.88418106238591,16.052140631637144
781,-3.8865366900199003,-34.28502941914679
782,15.42264697220114,6.801108411312456
783,-30.359860743759025,30.503599376686342
784,-32.54022302447985,-29.908062208966978
785,-42.28079919109884,18.59136072826314
786,-43.08757042954329,-19.252813792026235
787,23.20745737890451,32.61508270430406
788,-14.416592276543252,-31.39922683966791
789,-28.895379413235975,28.20684127967009
790,39.02091886893375,11.056829812979808
791,9.133835800106521,-33.32629035848073
792,15.960982039250988,42.24291322584682
793,-34.06143137683179,-27.754467155567326
794,43.30342843211651,-24.8845765122681
795,-44.869168828614164,5.14655940157339
796,-6.9102338244120185,14.914131592964326
797,15.766732956145841,18.687321668842063
798,20.308494724242436,-31.506315013233515
799,4.9355472998503185,-44.64306641223067
800,45.648477244687875,10.905719250783841
801,40.72696332682545,-30.008286483880994
802,30.04684720446634,7.667019576828258
803,18.05224217476391,-29.826823249061686
804,-13.971101067059312,41.38991901862657
805,-30.31122032226269,-38.44658733148719
806,-39.90958342428003,22.595061257842527
807,40.51579895476806,0.22920474405002755
808,-12.418771360331387,-45.09192743281543
809,15.582084237895295,-32.59641458328986
810,23.400294489848246,37.36003664687412
811,36.90359582894054,25.31842741996893
812,21.697600297533484,5.047053818664658
813,34.14554032725062,-31.09267537791677
814,25.714129057556008,36.3451401808682
815,23.747199615559392,41.36220868767096
816,-23.535567246956475,35.457575939174774
817,32.28168979960423,-27.00319447066694
818,-30.18007381877234,-37.85210212299547
819,-38.26496346438906,22.178679889508974
820,-20.785227454028213,40.66322126210559
821,1.1562723755696867,45.89814617885765
822,-35.99178412763931,-31.248882112006306
823,-0.7150634371880313,43.66735048669085
824,10.968013622660667,47.892581093810186
825,-20.46571612362193,18.458641796347234
826,-15.962030977656323,9.057295002967765
827,-17.32506524691745,-43.833461318106686
828,29.725919755168203,31.064772355370856
829,-2.536725859011305,-37.984742683118625
830,-1.1207095281403516,45.35580236975517
831,37.12186130160952,-31.861029856177595
832,24.643362768529457,-31.321830328046314
833,-3.293220052339027,-34.248368505313366
834,-14.950433066024402,13.933623764317014
835,-15.66823391992656,-39.34432988824654
836,7.833687772148951,45.11980988117236
837,0.6295519993915049,43.86862166277825
838,42.41526192586558,3.529864243007607
839,-21.980011899214556,-24.75044441258735
840,19.868501256793024,7.775802423654702
841,-15.581727720429043,-31.85671987259977
842,-15.682859012807425,16.02867378728526
843,-24.061274811558803,-39.67646460692186
844,-41.84219886829088,16.58128007365037
845,22.93081367684651,21.11348922864595
846,21.025282388191076,16.139055841589865
847,-5.671632833384525,-33.17726993582163
848,-18.516068376083314,12.001055199883089
849,-19.590895574596935,41.62994280615172
850,22.89078910859598,7.705968632665683
851,25.577600765507814,-39.583634799516666
852,48.129581001883444,-9.973098024353652
853,-46.57895805292706,-11.505186690602335
854,15.316740620012503,-31.38756456572809
855,2.81641880109936,-36.51039815798025
856,12.95872300614456,41.455206121457586
857,-42.93010453243778,-12.788946205798537
858,4.2906000106388325,-48.297571660263586
859,13.077044684334451,44.5860719363789
860,18.040239357589623,-30.2984350723993
861,-3.209451778103524,-47.37320568075562
862,-1.2045432701804257,-51.71850533081344
863,-41.753683589793496,-3.543109647557016
864,40.29885526074892,-25.600845713614206
865,-10.314467335586171,-34.824675435463384
866,-37.767940209985845,-19.775311024450456
867,11.621479273035758,11.150663458269584
868,40.159461265949766,-11.694058151796694
869,42.33222423273293,0.6159316272125186
870,-41.4957601859369,7.824175383357004
871,-16.62833010880841,10.119225115881038
872,43.96348756845499,-4.682483562360508
873,-43.69080876334952,8.952963700786523
874,22.49623198444801,41.36167098652315
875,-37.84672119811715,-25.34408134725911
876,16.00745647881989,16.659391051952948
877,45.60009428783901,16.796084160453645
878,30.83478412062971,30.994315867434583
879,1.8040238164399116,-45.38108084183367
880,19.168411075971438,14.52038478787092
881,35.80047072929032,-24.969063269360934
882,6.480960902401673,-36.095087127692715
883,27.05975271749962,-33.576296310549886
884,-13.372788937315702,21.275908690682158
885,46.50436976063029,3.693189630641255
886,21.26825859502685,-30.12895351543951
887,-42.23220778533282,-20.0012519046466
888,-40.10016225858505,17.143836971380555
889,-6.962831216633344,-46.46420958121158
890,-7.735862380750039,-28.510676227011725
891,5.984055530626186,-31.25160884089679
892,12.824882428183875,37.509336624800284
893,5.218773250266015,43.15661932296197
894,39.7210953686785,23.506168393690572
895,22.959704686509156,6.952160836292208
896,-22.848367437877574,-38.82786648248981
897,-10.85861125736763,10.211162984951198
898,41.425775739603864,25.081583886980724
899,6.310416514502951,-47.28480335506355
900,-28.22264498106676,-36.388285220923926
901,-38.36936560203454,-21.28612128014856
902,44.22159069179487,-13.621583687948515
903,43.26766525320302,-6.141555613429552
904,0.5379062615916157,44.6304197972186
905,-24.884820711137618,-26.404007361008137
906,-33.84927292239707,-32.919825032328305
907,45.55314766705496,-3.33853639706341
908,8.833335070653671,42.376128037049135
909,25.11833505835694,-25.817110367277625
910,-45.70681150832038,15.736617830645585
911,3.702735527625525,-33.441939108663334
912,-26.462464379774367,-36.88114405360961
913,-22.427421262903643,36.95332102639454
914,-27.368293038230842,38.002384552468094
915,-26.16380818614125,-33.951399437956674
916,-35.54284341334116,-27.798575330001313
917,-35.454380315707056,-32.42784477314807
918,-13.31073200639825,-28.114823370080764
919,-41.131196142440956,-9.96896800873237
920,-3.658083727667804,43.30320453720152
921,11.462737498921099,47.734151840989085
922,-43.45136978757725,-10.183878615606687
923,16.063993030865625,-46.63198872111065
924,-38.655998670288085,-7.0039439683923534
925,-3.6871830959571943,48.111641940208926
926,-20.680135652578574,15.052929867521456
927,1.6250532167331078,46.50628745367767
928,-25.076586177985334,-28.63247180620189
929,-44.94378203417115,8.365952014021834
930,15.504641015318835,-34.11152516205026
931,29.67767264387117,35.8570129472946
932,-8.853186999564054,-42.501184955070514
933,47.086028109908746,-1.1413121361031238
934,-36.68393624663534,26.897990960405394
935,6.577477485957577,43.546147335585665
936,-21.270680158941566,6.593735421242498
937,-4.495097637242048,44.01892306292046
938,19.80758887858899,-43.83423361488988
939,-25.747185060666563,-39.9586634184029
940,48.10090219943784,-5.852616070422367
941,-0.2538838197636711,-34.33069025363704
942,48.73155172440975,-8.215809913861397
943,-18.90666924287484,-41.32410657346787
944,-16.01525350011872,-43.03088410883952
945,-20.86786259716159,39.759024698451256
946,0.27103661878592517,-50.00408635672541
947,-12.633775674501717,-34.33655086054728
948,20.43788841537372,-29.519064828645654
949,43.84931730193621,-13.757468106537853
950,-8.621818311537861,13.265965500752117
951,-43.61527409855887,-6.326383328436521
952,-38.13640438600687,-31.00155194201331
953,-34.51399486779083,20.237945874532812
954,-4.518838426180317,-37.43063523544637
955,21.737992606423166,-27.27931267510225
956,-22.01151294621998,17.91602308159001
957,-10.124910857812143,41.49239688929708
958,-33.04485461661753,-35.62726671692357
959,44.18883723792387,-0.3959229821463772
960,19.791614450698663,-30.87802993587829
961,29.996994873034716,-39.57786314236704
962,18.39819858237716,4.1952284208286255
963,39.730897614392006,-19.772564595789383
964,38.672643525725164,28.07534922625659
965,41.5543558317902,-21.473278984091635
966,-44.42706075964819,14.869999667725914
967,-32.44701441302226,-33.404796816457015
968,-13.439766343977837,7.534040247725154
969,-16.89744697535811,15.050283205224098
970,-9.054155771634795,10.552092429603317
971,44.71004066647723,-20.720316041169486
972,21.556721702544102,15.218502696960554
973,-4.0184808220629495,-32.92096968478064
974,-16.69270845627794,-28.14395577962022
975,24.710091262332153,-40.246742689445774
976,-43.40122737907545,-1.9239527673390207
977,1.4595400284909927,-33.7047471819324
978,39.12444127300033,15.696126277049073
979,23.139000303292462,32.11892557566905
980,-4.955375061097771,-51.41258829893382
981,-43.55133226885342,3.301666227388859
982,-9.124703229690457,-46.53507718736623
983,10.370765353035614,-43.252316910807984
984,-17.558432675231657,15.584066277513093
985,-37.80318529336317,-23.12220282400912
986,-13.943963750720972,-35.21901163576036
987,44.53092504854921,18.575004264369042
988,-13.796315198115593,8.332882325024732
989,-29.735107479517414,37.846948667323716
990,-12.008744234588482,43.23301223873835
991,29.589608980054752,-24.487455562228753
992,-12.209398412520923,11.845060357676001
993,26.602592046712623,8.401701722564447
994,19.152779007915452,43.19730326963237
995,-5.231494671384589,48.58217125991363
996,-2.50146186150246,-49.63268039659404
997,-39.43519564904885,24.79400826911828
998,-38.49607386159585,-26.19071963650708
999,39.90978476740236,-27.782136998501297
1000,20.35703303242802,-32.9610761174571
1001,22.947314728791767,-35.87766307434419
1002,-13.504374671872075,-44.77337678874189
1003,-15.648696827913085,19.719954213208002
1004,19.732389219480964,40.782289133713086
1005,-2.1830276808496523,-46.10778443410961
1006,41.754200378060254,22.18547363221767
1007,-5.320399344513133,-37.330113707412345
1008,-16.95175324631322,18.698357849436537
1009,18.447730495270697,40.19945521248584
1010,4.511493799666219,46.578251026137735
1011,-28.312347968493725,39.091384925251425
1012,21.31847374670753,8.88003085195742
1013,28.305174699628235,34.49988863801274
1014,43.42815914405231,16.962908245745794
1015,1.6880484558584175,-50.135040503266765
1016,36.80172019579463,-31.192013680243107
1017,-7.025116273445246,42.98936972762735
1018,-20.39756477394303,38.0326731765718
1019,-40.6772799799872,-14.901811842327438
1020,-4.76723352215407,-47.811163041737956
1021,-48.4364845980459,-5.267771153653236
1022,-16.66380973660936,-41.11785670129422
1023,12.516108599677043,13.531260488398429
1024,-8.152663761320063,-32.44864737560617
1025,45.09098092444323,-8.896074377306078
1026,17.046004961500028,-44.58957313888721
1027,-44.54581609736758,10.272583498646375
1028,-18.702024873073107,-43.066023388966535
1029,-3.7365063940175185,-33.50146366913598
1030,-24.282155714772166,17.95970227302226
1031,-40.66501711256864,-29.56991608068848
1032,41.17207817425228,1.3416012630534333
1033,-20.784261876706406,-39.089616968223396
1034,18.85293025028588,38.94891182052372
1035,31.202727377687015,-39.7203840368065
1036,-22.19263768343412,9.470588457610907
1037,-0.6462508833138347,43.01460459695813
1038,14.058905510063475,-34.36110157856765
1039,9.200379481953068,-44.048506834066536
1040,46.41851752533784,-5.020115597649531
1041,-20.0388160708111,37.18962063455787
1042,29.579767009892333,30.94530144591961
1043,26.559412817751237,-37.194283899264256
1044,-36.286491513818234,29.18841845280834
1045,-9.170134857623786,-39.553418214643315
1046,18.823599967509256,16.64830980996423
1047,-48.8855107715449,-9.020861231925572
1048,33.78052436355742,30.128408532973296
1049,-16.441844003322792,12.396496317968476
1050,50.3658326552395,2.6447751988868085
1051,-18.344505168278832,7.555952287411242
1052,-23.35788535208781,-35.54117737510631
1053,-31.18703083966762,-33.30375824471186
1054,-25.307473845074526,-27.968320462178685
1055,-42.87975127258899,19.63885220354864
1056,-11.933149537569658,10.168073789042895
1057,-28.3738233543397,-34.269993741431946
1058,43.566422992310116,-13.707849923280195
1059,-42.500017542575904,16.45159201287502
1060,-16.316299665284333,-41.521629604891906
1061,42.29799132750712,18.987451277098273
1062,-20.55341259352931,-41.69212139820177
1063,-10.948205464713517,43.28376341792745
1064,15.76221033715367,-35.00603960707901
1065,45.97843838096466,-18.29515053550787
1066,-10.85967015784746,17.631905350006083
1067,16.388344351008463,-34.842847909661415
1068,-40.732645374865584,-24.480075878961586
1069,-2.119416772860106,-49.4028367309929
1070,-0.37395847448711783,41.44782689283892
1071,-14.3009263405434,-47.048345438445395
1072,-38.73927687961413,-6.655548579088707
1073,37.127900747847086,26.39107836182777
1074,23.980738220991732,7.718511937612231
1075,-12.588102324656179,16.248842783202868
1076,-20.082903080113624,41.045728728108486
1077,30.949587259196107,-40.383130453383394
1078,49.44690417287379,2.4280809501441363
1079,-39.49676387531346,-21.695922221480817
1080,36.02209821326525,24.19141203406394
1081,-41.55197357812275,6.969966947369294
1082,5.457451455732047,44.08867200108091
1083,-12.093371702300995,-34.61407769144048
1084,-10.057501567611373,9.70984919515918
1085,2.0160507984662175,-46.971089891526596
1086,-12.872848110980787,-34.83980867065498
1087,-28.33074296496848,-36.39665894741837
1088,19.63798995478867,17.734585800124545
1089,-44.52923877033541,-17.6760127866752
1090,-18.323144831392458,40.87454902334796
1091,25.0542190874157,40.65046263720448
1092,-6.007866867924171,40.572981533161474
1093,-13.63041162032216,16.236488985573697
1094,19.17813634020092,16.765891068319544
1095,-46.654406347033905,-17.531697552373938
1096,41.846704967198406,2.4504580189182383
1097,24.539981390169817,-23.78931519625284
1098,-6.851067751939728,-50.217730391460215
1099,-42.374575333750876,4.164912910891556
1100,6.3548190287044015,39.32750892984649
1101,-46.09288658295271,-10.776483263994841
1102,17.699789750901516,-25.87419642966076
1103,0.32188624187828374,-50.877132845042254
1104,31.817602317171577,-36.09694805792009
1105,-42.059402628218876,10.489856857271645
1106,-35.95298168703222,-23.620041993898205
1107,2.221505936017622,-36.338904618185055
1108,40.19326256459801,28.242687599305427
1109,14.489035631350504,44.38915673079078
1110,-3.8118523237843553,44.31784605342595
1111,21.731660961539998,38.297057570136225
1112,20.183879088787823,38.35778180502823
1113,24.01655949560944,38.18579072284637
1114,13.247656887495888,16.06825075372094
1115,45.554632162548806,13.00476111574123
1116,37.1132436743985,-24.740768773808803
1117,45.91500787558968,9.447593895162951
1118,14.323989542270619,11.995417574597438
1119,2.117081402095388,-46.821588454593154
1120,19.64382245080462,40.52502587793214
1121,15.12069090733161,11.790901899175681
1122,-21.59348800707991,-34.2959338412565
1123,-43.48979381948551,6.806235337335492
1124,8.456325914590924,-44.70194683258645
1125,39.466179850533344,17.15479357473883
1126,11.347884263191535,43.400183169583634
1127,-41.29174069651616,16.39352615063386
1128,-6.814494558580032,-34.93447488432499
1129,32.531594081016124,-34.92552647511702
1130,11.904154843440866,-49.84344539570325
1131,-45.74868456746859,2.1334855579401015
1132,27.53077461650318,-24.697671531510654
1133,4.169291392347693,-35.959111342729436
1134,0.37050770728509663,-37.18475352493392
1135,-20.446508607753852,-42.942085220837
1136,49.26853497821757,9.265069438362673
1137,42.94888802215927,-23.69766217292794
1138,4.817009629045012,-48.80783765933615
1139,-41.42404751319614,-9.538002991380718
1140,0.36649850667553835,-45.40665059907234
1141,32.01351415805352,33.69350334833444
1142,14.311631609369252,39.88392727593605
1143,0.997993702584089,42.743118709688055
1144,-23.722442369030293,15.359840120181682
1145,-7.616001080113778,10.677736175630562
1146,10.83121908153996,-45.42924468264836
1147,1.9559691912486667,-31.942700597223933
1148,43.642882548057656,-17.409081284913416
1149,-3.4987940672385114,-33.78872423986609
1150,-14.636074190746953,12.855628587210623
1151,14.555944127201894,-33.081231142954124
1152,-41.01660864155107,-18.57886802921965
1153,-3.9316039029743157,41.2896654885981
1154,-12.600031534942767,21.10804153110793
1155,-36.075207265794056,-20.814385628237
1156,22.58094584086974,38.116660710286034
1157,-24.41324125055641,-40.63666194245449
1158,17.15784181813965,-47.229139245309035
1159,11.392553775877674,-35.17975947238621
1160,-33.3420651444455,24.078128782294662
1161,-12.642102821281847,41.74892888683292
1162,-14.618598104413476,37.34539969426626
1163,-1.7770614891594672,-45.52930700926108
1164,-21.64841351611224,14.994878031381605
1165,-13.531037662188018,-35.44395140336968
1166,22.76811664195925,-45.425983410092556
1167,-15.836451204770778,44.90292649566443
1168,39.425471536314674,17.76174958723916
1169,-45.11991399327391,-6.014542333595511
1170,21.880373451574467,14.650523852485714
1171,-30.078033204078803,-32.75362494746147
1172,-45.27388863523231,-3.4138806575124336
1173,-5.834966049989733,41.026661486020195
1174,-25.005580392391195,-33.42059557999041
1175,26.89680202927379,10.633333182258855
1176,9.077929037903896,-47.245116469634546
1177,1.2298678163699792,44.92765163753774
1178,-26.638451266768755,32.88468150589788
1179,-11.889715013973827,7.513224237330924
1180,-14.411293876266129,16.26181577642477
1181,25.373779048366607,38.07394379552289
1182,42.671188340771906,25.370081201493505
1183,-3.3944535225611228,40.494001904303595
1184,16.441746003232556,-28.481303684184002
1185,-11.10523389256978,14.332539601091845
1186,-5.2185226702230265,48.96566617485201
1187,-5.8125390305480185,42.87294485891643
1188,32.334896832904015,34.297700884928645
1189,15.683279909384252,8.09329041389891
1190,22.812935150675212,11.462914660178507
1191,24.376989234003158,15.828958649844086
1192,40.45129803728611,-15.601602134857025
1193,-46.23114879007712,6.7436659538457135
1194,-16.72190680204766,18.835812175102372
1195,-35.54582617825236,-22.69269473042855
1196,-4.712807655396563,-44.69329160091081
1197,-43.095406269201064,13.140069845760362
1198,14.172757783932791,-31.478509265898882
1199,-28.90708838754118,32.67692724601897
1200,2.78682368976426,-36.900338274854235
1201,43.34550498088935,-26.08296232777707
1202,-33.13430815273191,27.18301465132309
1203,-32.56981766792742,24.984281782598067
1204,-19.786906890449327,18.812509332509507
1205,-22.22511865986046,10.8364093112187
1206,-15.008060358630779,38.14042031989133
1207,44.843438484695476,10.706277929369254
1208,-32.70687520586722,25.21891177370562
1209,42.42234601642089,-9.757342642455846
1210,-43.29012081014488,13.095243391767859
1211,27.27649283197023,15.897242362039101
1212,17.228617696055448,-33.88487759393992
1213,-29.638221338331643,32.50832271898189
1214,-26.73931283454456,37.5214945511802
1215,-15.649008522296226,13.636350996927039
1216,-14.42119204727334,19.11309703937315
1217,-5.253906154704179,-32.74796593113491
1218,-12.176246839492446,5.5700028887069335
1219,-12.20020590426444,-28.07397920794098
1220,29.333225863027607,-40.285873979771495
1221,-28.3938130159572,-39.24269628750076
1222,43.771064371241835,17.127088229466523
1223,24.370700892821688,11.08019856908409
1224,-8.437663677460593,17.967853677208836
1225,-7.564151341948551,-32.70370342915338
1226,40.55582403848871,-17.601967293213505
1227,15.56457764226119,41.94390698721557
1228,21.867973489470078,38.85185199346583
1229,16.26842438907613,12.449131046433454
1230,45.19072277927378,-29.2978865985494
1231,40.26228480941616,-21.824812651755618
1232,25.232602254850836,38.0476431765221
1233,18.603295446466205,39.17347655268819
1234,-19.600196248907416,40.16042452955214
1235,-22.304873226589244,-42.700188822468746
1236,-36.96152028748543,-18.71030751096216
1237,27.901758291720128,11.11284980292939
1238,33.159647407428096,31.532963265479765
1239,48.33725952721534,-11.913851997761256
1240,-10.550264220708986,17.026832983400844
1241,-18.887278053768398,41.02443119772153
1242,17.67261267855563,40.46740806173644
1243,11.362628995171699,-43.78938875384039
1244,17.009383242303137,-29.6655356940843
1245,-17.497852386866676,40.36788954706688
1246,-16.637497720302743,33.322674958306564
1247,50.64096817484607,4.6112704266735385
1248,22.91363222362589,-26.960351487307932
1249,-30.132583838340544,33.702426323300855
1250,25.124428064918437,38.62341588685533
1251,-33.299361954433394,-28.15351367160723
1252,38.967660360627626,-17.420588871355616
1253,-27.30477037864155,-29.767354526227912
1254,30.620337958819682,-35.41482135961163
1255,46.309519367582666,-15.115468851585634
1256,-41.052433986670806,6.895446144278889
1257,16.777581995503333,-43.15096971111973
1258,19.57105401822006,-45.55658245752268
1259,13.731939380693733,-46.63272364496244
1260,38.98593606402635,-33.10557379338174
1261,-44.04000377625193,-12.600969129734052
1262,18.05238391200164,-36.9075813545918
1263,23.726389580504456,-25.704289536224984
1264,23.66508523893288,9.808302297139512
1265,-13.25206532022728,-42.16842431262023
1266,-31.803807971469627,23.87298184045133
1267,-0.8687466287444938,-32.56799516712765
1268,-14.128749645611775,-36.70973699885689
1269,-16.42023124703839,11.515078055298238
1270,7.021614827007153,11.718650547859973
1271,-3.5679834856036505,-33.142457609940735
1272,23.579742109550935,-41.69840948702985
1273,7.872694758457876,41.94139402308972
1274,-20.63031809260389,-30.549592820135278
1275,30.303555736977334,38.73731358849227
1276,27.458758917759884,-21.10662915411358
1277,-30.60555757909323,34.13395612723695
1278,-29.95367452173427,30.903888643319053
1279,12.449288557580946,40.20005459240567
1280,39.08789770278524,26.535268575011802
1281,-17.468048319400104,19.7646527304372
1282,-34.041457221746484,-33.91807245761215
1283,42.52194420670524,-16.806496819465792
1284,-42.32927753746277,0.8649212439793585
1285,18.920725118669864,40.08334744052441
1286,-0.6324514975201196,44.00531513850042
1287,38.04369209101814,21.81598960241592
1288,28.58030256449866,-35.33281618368926
1289,46.873946971513405,7.522026653121174
1290,24.42085189279977,15.590146641072684
1291,-19.211439679950093,-33.68157947230835
1292,18.509062131919805,-43.2161912423485
1293,46.00110655237618,-5.173294239752286
1294,24.247476743699753,19.227554208334993
1295,-12.223028366104844,17.59590177577954
1296,-0.9289155891284462,-48.64454186189486
1297,-16.172541223229135,-46.1535744621812
1298,-21.33109712246177,9.272566061544175
1299,18.141808250367497,10.81402479215706
1300,42.26841966567343,-25.074971135149376
1301,1.6802019832706054,-34.914966191813114
1302,41.56911622352807,-20.95658035660508
1303,40.16317103960229,18.69133880349796
1304,18.059016206951558,-44.60646746906647
1305,17.90443226541224,7.552682911885432
1306,29.43326142683013,34.16406099080127
1307,-41.477680682454555,7.935263788071659
1308,-43.95009113419598,-15.96520395124152
1309,-4.535935942890546,-46.41113782457605
1310,0.20972913934651638,-38.114552794567864
1311,-32.86702135727796,24.649092134549775
1312,-9.567049389724957,-35.881833944189694
1313,-17.09002478211444,18.670409618367962
1314,34.39527890159576,-32.64629305872231
1315,8.641479989989389,-46.12065764799887
1316,-34.60624740247854,-29.892727449304644
1317,-33.77251453522347,21.954808944354937
1318,-20.24355278995052,7.0098795969206655
1319,-12.43719891249177,4.6663514397620105
1320,17.558165416872132,45.983199309693305
1321,21.82952841969102,18.67790313972444
1322,-4.304571162609454,44.63851174172744
1323,-15.948284841377353,16.441993019700504
1324,-5.322355813925835,44.39156780972354
1325,42.413561645562815,22.769312673538277
1326,-43.97489568107438,0.3633257185557286
1327,11.06444855247142,-31.644240952538162
1328,38.22029276305644,-18.84707974010017
1329,10.918439972278673,12.099219185729819
1330,-23.190983336129356,-41.48006754061166
1331,35.13352305700305,29.515074033223918
1332,-13.44007103285313,15.85010939212862
1333,14.497669719470572,-41.50486647710675
1334,2.3496653556445386,-48.08877799296759
1335,48.85363380234653,-3.7272295962402535
1336,-20.331582233150538,11.77687613304795
1337,34.91701514865031,-26.392749702254196
1338,-13.082124533287054,-42.35723069245673
1339,-19.918987057346968,41.144846922130704
1340,-5.6607459655376475,-44.77427412371025
1341,35.99527171174458,-37.66609918425987
1342,38.626821830795585,-27.45857686789215
1343,-11.557815419096148,-41.451858504451934
1344,-43.30437898928317,16.314610200768264
1345,10.096738373342205,-32.83837871735146
1346,25.756851127352004,-39.966939023570426
1347,29.31138586052523,-35.41022481180274
1348,-6.8866376984214845,-49.352609112901895
1349,-29.065713613482377,-32.926663262244894
1350,-10.701804232818747,9.659869918177014
1351,-20.289565636803378,-26.894747994497415
1352,-36.60094289167985,23.449141468040963
1353,41.39705091573226,-23.930317946102956
1354,10.061702076566982,-32.35578468033647
1355,-19.370640023127976,39.80911593513846
1356,41.76248028981098,-12.073919868603035
1357,45.33125437523545,-6.929737675615282
1358,-42.14048898898212,-11.97552857807699
1359,-30.373694005211362,31.188404006540654
1360,8.802987284394305,-45.83153067935029
1361,-24.888540317161663,11.99584617041093
1362,-41.42216338468218,-7.0459418454763725
1363,-21.977099889507386,40.82024986279087
1364,27.90591439607059,18.1681482110091
1365,46.00721893171436,-22.242029979358563
1366,-27.34578678180068,-24.250896982090545
1367,5.120493696247926,-47.40382680259917
1368,-3.633628985552211,-36.07367921484043
1369,-21.58356997821813,-35.417811048466916
1370,13.316144934851604,-32.42105789541704
1371,-8.869078100227075,35.92481972378885
1372,-24.42877581819352,-36.473080564332605
1373,-32.07375040287854,-41.13195851691975
1374,45.14096107366391,-2.4245613196400253
1375,-2.2421603848643885,-32.54015673602663
1376,-38.439525082984716,-29.3764884348963
1377,-11.688311582324705,18.749005062337893
1378,44.369841265560815,-18.242842338137372
1379,-25.967762019603622,-22.3011717522187
1380,23.561810997466626,33.61730255871157
1381,22.04663914379748,13.56875375535205
1382,-41.60850863593884,-20.900580240042988
1383,-38.836701876592166,-16.507326995176257
1384,42.29245536814424,-12.680187960873864
1385,-41.68885797137295,18.704413370110135
1386,20.54489490999362,40.48456434931194
1387,36.88121017650127,-28.81577452621251
1388,-11.55991101976283,9.356347524015927
1389,23.18474866867183,-39.64882194026912
1390,-5.424538694305205,-28.974531702230756
1391,-16.51940529577965,7.8819847573446635
1392,24.94833374331971,18.288980959536808
1393,2.22368309892303,45.94777494972621
1394,-3.2795388797304463,-50.7515716106223
1395,-8.895691943365582,16.15705114255602
1396,-46.17205676011966,-7.17086350145276
1397,-21.830784073608232,-42.59009560397551
1398,-23.582910144797943,-36.518778983365486
1399,44.01349840560093,12.373689848878524
1400,33.72245469425266,-35.89349523058337
1401,44.56119600345369,11.731278669472767
1402,28.024607673291396,30.82818975570435
1403,-17.904835758592117,-46.216382733483925
1404,-9.537872814143345,17.84037004508561
1405,23.053205607113476,-39.19819936182974
1406,6.8606965944909,-48.05722334949391
1407,-9.19225793698516,-33.531742839244075
1408,35.76774283522189,-34.15741663137585
1409,38.31621993795439,-29.686480812276653
1410,-15.591332293096574,16.84128997430175
1411,-43.11540085568227,13.151784427817613
1412,3.2782826327523646,-33.06774246120413
1413,-28.486825969655342,-34.38770336649365
1414,48.81528100177545,5.390243562875984
1415,-40.29232591865014,18.643688975281545
1416,-5.907854182595125,46.7683526133499
1417,26.27149083085863,37.428698874684635
1418,23.930462511424523,-37.88544881098065
1419,-40.39130014290857,7.898831518845945
1420,-16.542754590268554,14.649504486501861
1421,-4.733522261574568,-46.38567428307996
1422,19.411933505964324,39.60889393670847
1423,24.41423873668981,32.96189637344188
1424,14.968264086880255,9.627288889852883
1425,-14.100381866771347,-43.49137748379665
1426,-14.460446417098149,-43.779747744387095
1427,39.080994269051146,-29.491026544819547
1428,36.51128548900069,27.966273781471635
1429,17.337045111291992,-43.05249185117782
1430,-40.479111836602435,26.65717731590746
1431,-34.22904154048139,28.258096358456875
1432,-7.456673313432155,9.508702844829834
1433,-47.15032215528595,12.463890004922959
1434,-20.751301730531676,-29.666514559174736
1435,23.690000114728335,-24.196330509594734
1436,-45.88042295437439,14.50868684582371
1437,39.87600086164126,25.46340878620326
1438,-39.35461200177012,10.010743095296313
1439,-5.162623827720736,40.470162953240745
1440,28.748365444225087,13.972597256135717
1441,-24.49508088029044,32.21873602483072
1442,-32.04243884499073,30.05619889590066
1443,-46.08126355210742,8.162923840188222
1444,-9.519658895976896,-39.080624648569945
1445,6.743098824537381,45.84362203601569
1446,-25.564203439473506,-34.5987363876382
1447,-46.90435435218666,-10.858976124016797
1448,42.8317285778986,-11.985204770958934
1449,-27.000392698690586,30.87670509994707
1450,43.789605836489805,-8.837805810327376
1451,-18.831946260729154,10.650567519022708
1452,-18.48970760260888,11.265186673226436
1453,42.09972829642016,22.857072204206343
1454,18.297272539513326,42.91932991000339
1455,43.93996123228503,16.389802845409616
1456,-26.91243575721394,-39.471241325444325
1457,28.377387831921073,34.27118059219018
1458,16.844788490179262,-33.36186124450566
1459,24.632191557977087,6.047644360264932
1460,-43.44239585789237,7.821090879431562
1461,-43.77538331040667,-17.13872253939943
1462,-11.269032823831054,14.66533967536848
1463,5.76537538495546,-49.30823656274096
1464,-36.88192406364682,16.493957133278506
1465,-27.61120063274565,-38.17133094244611
1466,25.906376742567147,10.12658870203302
1467,3.592250785504579,46.84185287629711
1468,-19.769324412311203,-29.829003471677215
1469,32.133371850013624,-28.68940334399316
1470,-13.962329371491496,-34.805355535887266
1471,20.443719979872505,40.96200095684631
1472,-38.076133993043065,19.34928090476053
1473,-30.54021414430918,-31.16786584348213
1474,30.294798280974426,-32.84905337048677
1475,9.424613936832447,44.65695328214783
1476,7.846781936123271,48.03503580151355
1477,23.654544938849018,-36.72118127471089
1478,-6.895114249911156,-44.322581911643745
1479,36.832774498481335,-38.89907484616914
1480,-10.713670572820119,18.80560391324779
1481,10.074814857054314,-34.30001954187549
1482,41.41386172049795,14.369184506503824
1483,29.094800291155146,-36.455716258725026
1484,-9.292510602591207,-35.05143331253661
1485,3.612406764249725,-45.37353786776564
1486,44.50186668468569,-2.3728240603727633
1487,11.408082815568202,11.009759477442095
1488,-20.379118999698093,-28.590653576417328
1489,-17.38567281497126,21.075057340302376
1490,11.159846866319672,-35.853366185519306
1491,19.64400661797788,-41.44524754022506
1492,-12.679134816615742,-36.990691718680516
1493,21.024174042400837,19.02564473284421
1494,34.361364868723086,30.42155003394358
1495,33.94733228838532,23.966876199604073
1496,11.685059551971417,9.26598548366386
1497,-42.86391767677083,-11.540214645954741
1498,-8.939633034600414,16.75001295863983
1499,-33.982501716997305,-37.42014253057484
1500,38.88311510980925,21.440007741541482
1501,-7.38796195878831,44.685834970594115
1502,3.3968685017726843,44.39046902309314
1503,23.453865757073007,36.74715162673433
1504,-7.865459989923932,-47.587485405641395
1505,-13.068170034021959,-41.161639299292354
1506,-36.350991405283864,20.77540185242368
1507,29.365027528179464,-36.52712712795411
1508,-33.10983851908415,-33.681133748412435
1509,4.041235674667499,-36.94086809958442
1510,16.137225134594985,-46.89138592769571
1511,5.539939661042414,-47.08430096308906
1512,46.97574394843671,-3.965834888628592
1513,1.969333030917795,41.605048037202835
1514,33.4696333263359,-38.4623728804013
1515,-18.49363332216552,37.389514389018004
1516,24.884944230805843,-41.32590435764821
1517,37.885684090290894,27.343300950465274
1518,-6.973086443424206,44.27549184118113
1519,7.0674516537935155,-36.61208370688027
1520,-12.298071549868553,9.740456351355656
1521,24.083186798157158,5.357214620750995
1522,19.975407626052615,16.364415256313546
1523,22.1258924780145,-31.65697623724749
1524,17.302257457256246,38.17777749495799
1525,38.0990803906039,-24.55409900708045
1526,-8.634232264288592,41.97194463149837
1527,35.780358609325525,-36.13835793724704
1528,27.035524781537745,-38.78507509681886
1529,-14.152891565637656,8.280201174136057
1530,30.26382307732268,-35.863946635962165
1531,43.91740985599249,-6.020321088831286
1532,3.364426720838287,43.008860937512175
1533,-33.38097938559984,27.41835376334462
1534,-25.03608720618861,35.93696341163503
1535,-9.514824973730708,43.76703057175683
1536,-10.800280613486109,7.302899442664172
1537,44.23774939096657,-20.72635784695309
1538,-34.530215439011954,-24.110741374204494
1539,-34.90231537544852,28.05389463444887
1540,-11.29464474871893,-43.22581486948885
1541,-8.478043492927256,12.747085213047392
1542,34.33878271795184,-32.3248448988164
1543,-3.022255554244288,47.08932109059005
1544,34.554667582661175,-26.233476486621825
1545,43.40770449135562,-12.60211798010271
1546,-7.9616245355835895,-30.443101899520116
1547,15.799741572476943,6.907020353338591
1548,44.69640298734788,12.490291694922718
1549,-17.41685818272493,-40.853640835867466
1550,26.691294698729063,-30.378906566810066
1551,9.394030318500892,-36.12120500605617
1552,11.893231371422251,21.552023453834565
1553,-7.21982237324094,40.2419229188503
1554,10.862715152781952,-47.56009690388811
1555,43.287666755728516,14.202493955691828
1556,42.56698342664371,18.4228921988418
1557,37.145166424868535,20.376606987673895
1558,-20.215751578058313,10.039454269506487
1559,33.00270741875788,-34.1859049177348
1560,33.702078137543765,33.28238296816624
1561,42.53319839257385,13.202793091502233
1562,-24.15859903472632,-28.428018920018935
1563,-33.76472526545421,27.323259052910434
1564,-37.82936124800174,17.799896795648518
1565,-26.34610542480857,-36.58754107809479
1566,21.187843108221596,6.00470464283234
1567,-10.007776688590237,15.179932343124994
1568,-21.963869992231626,39.990221788975155
1569,9.013436353742993,11.827294896177762
1570,-5.138572553665134,-35.80857855197028
1571,-18.047863196836833,20.06580438161715
1572,-15.355867175031083,-41.521272018209125
1573,-2.490903517830162,41.881283737020574
1574,-22.55078562882966,-25.83336916473022
1575,-21.028782399258553,12.58015412941104
1576,-46.388195869968165,12.875173127651234
1577,19.496726185413497,38.72745322259446
1578,-43.21405344788181,0.316254801631785
1579,26.904305109080585,15.733560101361812
1580,-13.637189155254873,-33.36508618572844
1581,-31.86951833573493,29.443190484343596
1582,38.71104778225364,24.229206130584245
1583,25.671522816677363,-45.213294656170056
1584,13.500951503971976,38.52397910143791
1585,-8.765760677231698,7.973453861139041
1586,9.985103456668298,-49.16554716493289
1587,-9.45735227865121,9.819738385908575
1588,36.80314940268262,32.067819526848304
1589,-15.434201012990364,41.16980283525875
1590,23.585746254903576,-25.7808712855957
1591,-25.906278151714076,-33.903047912296145
1592,-20.41476521466917,-39.53077164356747
1593,-32.192391496055926,25.865763706629856
1594,-20.596987326851384,12.690235884690305
1595,38.76427799187059,25.72952260277342
1596,7.732062414132321,-33.19248083073946
1597,-35.295388801637735,-30.87151977452269
1598,28.03326091272866,35.11619017209015
1599,21.6809430197038,-21.494390832757208
1600,16.366683127334255,-29.65905693260552
1601,19.11333398194228,39.28070859071307
1602,-34.52974737628565,-36.53757379990705
1603,-37.84567200683711,-21.660879408971066
1604,-8.40697325257083,-43.18131571037945
1605,31.905577720662706,-42.68013686384405
1606,-0.9321069966208091,-40.046413788802404
1607,35.29535000802901,-28.671050344804183
1608,46.41571547699376,-6.361928680870047
1609,42.93875678746034,-14.789300022050352
1610,-44.591362772373934,14.593135423248404
1611,35.29076479652557,-33.26537302878984
1612,17.42843469123816,-45.97893477643153
1613,-41.225925375102406,12.170400477937687
1614,11.444833109851176,45.1700326715906
1615,17.008877847905456,-32.18711325277356
1616,19.438389735067602,38.34865456565945
1617,-46.14522302477167,-7.358172959347724
1618,7.669395956356881,-35.46004116735549
1619,-44.17944972966782,3.384606411605348
1620,-31.8323474282195,32.17364889175339
1621,9.227138259560233,-30.693683395701015
1622,-13.141142338428093,11.887985595030898
1623,-36.951428648644466,-28.89186057647701
1624,-0.7309576995898802,-36.96268043809241
1625,49.319261825213616,-12.243618885875497
1626,-28.883583905301844,-31.836343545173445
1627,-11.363055763969236,5.104597935348901
1628,35.402973860602124,25.101006717415935
1629,7.328544585334318,-47.89008876947139
1630,-39.46003197864082,21.687451068172926
1631,3.350305961618438,45.691632214615545
1632,-11.40770359638524,-43.28540005654113
1633,45.86681179265096,-11.558159568294222
1634,-19.14625059106822,34.480311936771194
1635,-30.02110016330577,-24.247319395725153
1636,-32.84254378644809,-30.210224431917563
1637,20.38172239119444,17.450348168856912
1638,-38.413216835918355,21.816146073294473
1639,-42.63024467270528,0.7343660803008643
1640,-30.097764427837646,-28.720156275969863
1641,38.62057830292552,-26.531052354955907
1642,46.932488807145,-17.73984467958872
1643,27.820355970106874,-23.679550637645686
1644,13.486366644288285,39.98787475582038
1645,19.172146994889456,42.33294443288423
1646,-2.3375257236648004,-38.07627217844734
1647,25.14191690126793,18.30343480156897
1648,-34.69166413204643,-29.830414484581432
1649,14.884616183885187,-33.388844424288635
1650,27.69831702484665,-36.331496674173714
1651,18.630534219815367,9.405523247701817
1652,31.398201540377467,-27.719837654995725
1653,16.926597687084055,-27.73894970730848
1654,-38.13350303674158,-28.050828033765633
1655,19.857398295764806,38.640784448260696
1656,-26.816874408009156,-33.52619650919092
1657,-40.78152165919453,2.604486217553928
1658,-23.36884512896732,12.445201602269867
1659,-32.83280402701814,18.106663067613407
1660,17.51464483203403,-27.224437068202143
1661,-40.84218106040664,-19.69366542602488
1662,18.0874671343136,-34.87723077255754
1663,17.943825950948867,20.134869669691554
1664,-15.872427518670001,-35.4219105306058
1665,23.4373015799422,14.214125232936107
1666,47.63906493828538,0.3226329414168254
1667,-30.27859392111604,-34.89843896199971
1668,36.17307702443131,-33.46670320176533
1669,-36.57654062074672,-31.484605532953974
1670,23.39699939290035,-27.820724524371833
1671,15.776975464140323,38.343193951376236
1672,-21.27516947794683,-41.99132804617952
1673,-9.485571276138224,40.583162876088295
1674,-26.689096823250036,-34.854845443041704
1675,0.694695210348699,41.36446858949721
1676,32.29496286303276,36.02225926068583
1677,-22.480343671176673,20.493037276680997
1678,-19.68656581600186,-26.391471326323078
1679,-44.232376759234384,5.047156379460525
1680,26.35655753157073,-29.102345552160926
1681,-11.374402536558657,6.533980454681869
1682,-8.875348450390712,-47.68536121166152
1683,33.36689901448938,-28.939327390709504
1684,17.569064787819983,-31.556764051303137
1685,6.614443352606466,-45.09931234467369
1686,20.097435491212185,8.897683483459286
1687,-46.83787714923834,6.552907484428701
1688,-5.329589448175456,42.30565324368066
1689,22.869210519253663,-29.809808001703278
1690,37.60409980859943,23.795924528700695
1691,8.782786088949626,-32.16185192718168
1692,5.947355461190533,-33.53122728356756
1693,45.51352628104302,-23.891177527543327
1694,-16.426562078921748,-46.68180813069195
1695,-10.90667915346413,-31.09703103528321
1696,44.88597102672303,15.980582279317987
1697,-9.786576437430522,45.62693352265504
1698,-19.11365075840312,38.45173173226969
1699,-21.567502000679312,-40.00946548483887
1700,39.55291620177985,-27.871945796825898
1701,12.943513422722898,34.8998422818875
1702,44.57558784854169,-1.138040970022709
1703,-36.02790164889318,21.967448756252086
1704,-33.45519329659882,28.25645111131094
1705,27.222076966979078,-27.208268124720455
1706,-11.532321264874739,42.24537745277759
1707,40.89320771665086,-5.966835828393024
1708,6.630359002299082,-41.5173766187824
1709,48.42827144462717,12.311777844224206
1710,-36.154722247016316,-21.935415347858598
1711,-25.89086291949071,40.12107227112688
1712,-19.678882143816335,8.586340670204399
1713,31.391820702319826,31.619481038783384
1714,26.857978296942584,-28.057359165947645
1715,8.324715865607276,45.15339726956884
1716,49.10553525691091,-1.7067073437845752
1717,-40.29511321237357,-24.669902491148907
1718,-34.68170779153428,25.19979339049538
1719,-22.935128907720422,14.176565158678901
1720,-4.9140940840907135,43.25720907835393
1721,42.21327048874091,25.71279594272218
1722,-12.408341440657756,18.93315805067487
1723,49.8622966710739,8.966154006013788
1724,-46.206520545344965,-14.715369516147865
1725,-10.955071897967215,19.61176630105187
1726,-17.479196884028894,8.505425781530008
1727,-46.261572146422715,3.122486568725137
1728,-38.38091526795884,17.15294033230589
1729,-26.75813076370811,14.19584008482394
1730,23.67102849406525,12.222998958952012
1731,20.892416791123807,-31.625022815464423
1732,-18.13964670895112,36.91724893880546
1733,-19.14604813664892,7.2670311709423405
1734,6.257072722726015,-33.5939579560668
1735,25.481341666380644,13.272838204262644
1736,-1.919707912053045,-34.63587184028842
1737,-26.190692038896508,-40.8727363399268
1738,45.00045496159642,8.177319933918495
1739,46.86930567932871,2.9122860548075753
1740,44.73626834281787,-13.09329219729008
1741,27.537277808406092,-26.978169599244595
1742,-0.7719792986308902,-35.681568516049545
1743,-44.57851180741188,17.98875664721684
1744,-15.91700958898183,37.261257346149804
1745,49.23188651295411,-14.069955734258427
1746,19.567088384288432,16.068546020815422
1747,-19.125482221746886,-43.88116958176065
1748,0.17940031811559765,-48.30711009691852
1749,-21.95612087062314,-26.9161497828913
1750,20.120388119718086,40.46900699996772
1751,-9.10734394195391,-37.77578660223522
1752,-18.65860523721721,-43.89744601140478
1753,-28.4269786390953,-34.986977972574714
1754,9.85433630963757,-34.272832858613164
1755,15.11377520354007,38.05039848093585
1756,-21.390114141809775,11.730259179233066
1757,26.61466028912629,-25.786789162112953
1758,-8.898428981251735,-46.68374654807008
1759,28.234711494512467,39.97724286790751
1760,-39.62390847447266,-21.5759230209073
1761,-43.044648759170315,-9.847698367016202
1762,-22.4123310188254,-29.573918504534014
1763,3.244523362786045,-46.059648445649216
1764,-38.693742871285004,-24.55332156555521
1765,-45.12605664461133,-18.286647193287614
1766,25.347345786301652,38.23132370261903
1767,-0.6631805700778157,-32.69387528882874
1768,40.620328293962146,-27.18472665329858
1769,-45.10539241638364,6.475933659856083
1770,-23.779236723339373,36.252915537635346
1771,44.122410211489104,8.305832547187787
1772,48.151715413180824,1.0027132999685078
1773,41.41941390957986,12.278521253552809
1774,-42.560593988939004,-3.0713403757273006
1775,9.407038618792559,-42.188825687379044
1776,-17.572819852611495,6.981953798521321
1777,-40.07406870632044,22.74315388015665
1778,-18.7366528229882,-47.264141783346766
1779,13.113428241073189,7.2595766906194985
1780,-29.911155283223046,29.801628194920745
1781,-39.02772711313301,-28.240601445573688
1782,42.1281138142279,-18.28449237733004
1783,17.385068174786532,3.914894714985107
1784,-7.788757521733305,-36.5976936773375
1785,-12.07305184552251,5.485211401208164
1786,10.283959693639499,-37.8799625391293
1787,33.42118989286735,30.908178527451156
1788,-32.87508408712891,-35.416864303231115
1789,21.018461165284435,-45.87338298694073
1790,-18.867185252544378,40.386219709997775
1791,47.26903088918982,-8.996642148363929
1792,14.404418806066289,-29.93476618382634
1793,21.936348888146068,-43.69807144350976
1794,24.501322467244698,-38.83821287546505
1795,43.71587448324173,18.40182566638173
1796,-22.724708842895065,32.58277315900419
1797,20.638496241385816,-33.252975670771
1798,5.069888147609424,-36.76580365344237
1799,11.283438682735394,40.35121025431796
1800,-42.85988401188257,-5.25076401525422
1801,6.754148209471731,-35.68070013920568
1802,-24.321928508527215,31.188320066211695
1803,17.5019699869618,41.371792455611796
1804,31.41297005339954,-39.13077593800604
1805,-7.643838801038653,47.251813387313746
1806,-45.58351108265867,2.2870894953493006
1807,22.828553301286007,12.29672659105642
1808,4.75909012265331,47.25894120283797
1809,-38.70461326498287,-4.237439256883733
1810,31.38302220747511,37.46846270796136
1811,16.16991186719733,-43.62940655877703
1812,-41.94063090824182,-13.887912901054555
1813,-12.707080155661776,47.10160725992813
1814,-40.90612085317551,-19.3442770523771
1815,-16.417591648464533,43.84356820370417
1816,-28.585278532928108,-32.59824766082615
1817,-15.964781788584194,13.959373812829694
1818,-37.81071672148274,-23.239637473684823
1819,3.0026633069842137,41.97047235047254
1820,27.056032931568566,36.59381393565701
1821,-31.691175319257056,-34.120786647814356
1822,29.310499905057547,-25.076293470663096
1823,31.92613425550833,27.18995944214843
1824,-12.643222048339974,21.114749286312065
1825,30.96494431595059,13.07665495663698
1826,-14.498304897014632,14.418849277470517
1827,-37.02553776416503,-31.153120012412376
1828,-45.059564472854305,-5.8144928873823964
1829,25.8398348951359,38.149451632801615
1830,-22.00868076476177,-26.328592265054517
1831,-2.6232795154855992,42.71817806606038
1832,14.182179764988703,-48.62457406621016
1833,-37.92756197505204,-20.93263820558086
1834,25.214947538245315,15.948071210156535
1835,17.062515212387172,7.003020215809209
1836,-43.15029362941849,1.7718589007373207
1837,-42.65497499854082,-2.131427635486266
1838,27.798030258310405,-29.265678307682965
1839,-14.20646615016158,42.216899275536335
1840,-15.32604773685011,9.074235536444332
1841,-22.407876247038256,17.562899123612453
1842,15.983393028416407,-46.594585922219366
1843,44.83744542067999,10.96222367838471
1844,45.43189297490394,7.753663231810404
1845,6.603625612550475,41.9352826970849
1846,-32.909727950284626,23.99778706170224
1847,42.67757684121829,-6.264753397844897
1848,-17.12844813200841,-30.794344982027017
1849,-5.268146653102809,-38.591017545892335
1850,27.055747387901434,-28.09902389974474
1851,26.207888523206027,-39.32752880754796
1852,27.94926908308701,-41.67218154486696
1853,43.81924998653777,-22.43494819278529
1854,-18.082128757306457,-39.34628692183412
1855,43.62413689320714,-17.66346361913589
1856,-8.124842557763658,17.099140311510343
1857,-14.094849825962331,40.63080829754089
1858,40.27914568737319,-23.35401820454625
1859,-31.405244838107475,29.92356085032771
1860,44.74969206324466,16.208466177500483
1861,29.088770073324255,37.693722373148184
1862,6.528299009943995,-48.701169842294796
1863,40.283527253492444,-25.61168886974199
1864,31.87083096793523,16.461671257318628
1865,-42.23443183906114,-3.4271365388003483
1866,-13.177275193246022,11.415700411442476
1867,21.275153276102664,36.597623173464
1868,18.906770274668407,-41.7635982706219
1869,44.50374435460461,16.03156078612895
1870,-1.6321085560392539,-44.37297760783605
1871,-11.18707350567155,-35.44259077899583
1872,19.20718833857709,34.810387808403924
1873,-31.53991932073319,27.225311374570705
1874,-10.079431482468086,17.33484974485175
1875,-8.430988000279992,10.210495348210424
1876,23.928462449874537,6.194969759108573
1877,14.88825231303074,38.86945161473107
1878,-23.221504965675916,-39.42538589211835
1879,-42.64669065201224,-5.0655524795436335
1880,46.93413473834439,-5.954585920259494
1881,40.370206979560216,17.64351694070366
1882,-11.132264111333708,16.148739256882134
1883,19.411512747647016,37.75425698998921
1884,25.799147745849645,35.929542902743094
1885,39.60701454862923,21.132017182219784
1886,-24.834726218571213,-28.76346771604265
1887,-37.95588712248334,29.01353204991154
1888,7.4458904104824075,-45.444384666018294
1889,6.072281229427405,42.57748078492103
1890,-12.874157708440192,45.83260305958881
1891,-13.156076862185987,-44.49988571555085
1892,10.313061143337688,-48.15325449749808
1893,38.8513609519617,26.06715077723535
1894,22.62710207052774,38.811160180063574
1895,8.24370354879235,44.17093306013248
1896,-43.20308368349406,-21.990327069085023
1897,16.203310919046494,24.176656328354962
1898,16.38138099561344,42.32333793048763
1899,12.82939428151969,-43.231671316386745
1900,-25.080802031740998,32.86132104233584
1901,13.838570853093008,-29.901455332266558
1902,19.87625989467305,6.543882866700912
1903,11.104163993717036,13.566658142310416
1904,44.120049513085576,-0.6923427970849438
1905,43.39846474389591,-16.657694270826624
1906,-35.206307506075575,18.623001008888192
1907,46.498384374469396,0.05127789745154754
1908,-9.423647463396273,16.62715025629266
1909,22.943348766956976,17.86780418893717
1910,15.460774710391092,41.10363104447504
1911,47.05568951393378,-18.064033348858974
1912,-29.638986063317855,-33.19256671421464
1913,-20.443036474249393,38.64688582746376
1914,9.242826880469394,42.13032778124743
1915,42.08616132127267,-16.386038349903526
1916,28.19746608347237,39.70078680085959
1917,20.51519405968002,13.791631526421
1918,42.41050171462775,-16.80438626764948
1919,22.810248774572656,38.1799272764493
1920,6.32669137496548,-42.44190169785978
1921,-15.798474782592802,20.452406836188604
1922,47.722215604710314,-13.6483313671733
1923,-23.217442873438,-23.510625127775754
1924,43.14401794011213,15.902760395773909
1925,-19.507078683175987,13.043593433123974
1926,-15.119489137923082,-43.34400046918995
1927,45.27173881573831,-0.9050024775475056
1928,-12.548481842048668,-31.277586490713034
1929,36.139557869673496,-31.99949876209442
1930,47.147813318818656,-22.28170031685033
1931,15.156265945331873,-31.38879442966449
1932,-36.72746465191712,-26.933188375206658
1933,-38.486712071389086,-28.6551789243013
1934,22.585296892922308,-29.811640466762103
1935,40.43630921569266,17.965358330108895
1936,19.804823797845465,40.38794199878111
1937,-5.367438720780856,-51.29806394578143
1938,12.438260086935516,42.81520456314206
1939,48.073953359301065,16.30393052341739
1940,24.451513981506146,42.184096673632524
1941,-44.01535842107211,1.7051012882053131
1942,-34.06477747171021,23.210995547621838
1943,-19.426336946846543,9.54516664804966
1944,-7.214240717070836,40.8133121829752
1945,0.7497222114428087,-49.3084719936831
1946,7.2211701421775345,-36.71151271188529
1947,-40.58856197103195,12.529623688919639
1948,-14.848380762362297,40.018826987579494
1949,-42.40575876991949,-31.16536941318696
1950,-22.542920554738057,24.564500296707166
1951,18.65694601286066,-45.103155122843596
1952,26.629395641143294,35.698951350380455
1953,23.4942546753214,39.76043970813306
1954,39.12482665334469,-25.469632645018198
1955,31.674797554046297,29.957142978096677
1956,-16.70892199401002,42.840968198504456
1957,20.551151030629747,-30.564752204586803
1958,37.301000328263775,-24.460550262052216
1959,-40.146240022854386,-15.503696982463964
1960,-19.464058769422564,16.7484708455204
1961,-4.437425109090165,-45.7022914339873
1962,44.25485732300215,-24.375101613172525
1963,-44.174841012108686,8.042385181233788
1964,10.13420932049826,-50.79767702032166
1965,-14.753856768425312,12.811106224419564
1966,-11.3541906309566,17.338471889994842
1967,-8.983093709323688,-34.53337531260465
1968,13.47590919217648,-45.95532844113861
1969,-44.01809390001005,-8.165809743676991
1970,-17.623514050799745,-41.50762982496822
1971,-12.833716424241553,-34.044975129545996
1972,-42.27023637916382,-2.5702936490730655
1973,-40.20078639761754,-22.26275223733542
1974,23.535684956389947,4.661526395312213
1975,26.751774485725143,8.432635935348305
1976,36.84556228553273,25.751070206350306
1977,-4.712581935454873,-48.98963003743974
1978,27.418836134533542,38.60636772569494
1979,41.81294134694788,-15.24579557131769
1980,21.690282616601895,-37.9476111633222
1981,11.077400176051448,-42.21351020730594
1982,43.479842756595836,-20.460954819054678
1983,-19.803683701330907,8.955780150323129
1984,45.19464828206691,18.457395709696495
1985,30.33991901287032,-39.43964345392389
1986,37.70501793715815,-35.08591388179695
1987,-41.57169975971221,-14.694383084192111
1988,-13.11292177888478,9.589188410251067
1989,40.92156088110804,-21.990645010150185
1990,42.58925575637562,-16.707680492090795
1991,-31.779989110635537,-36.4827630317043
1992,-29.825268295369128,-37.325209660089875
1993,-24.87318750841698,35.41843952927433
1994,-14.5343242050611,-46.481230692965816
1995,-44.413664162914486,-4.730962978430567
1996,-42.236401022825724,18.59160914697435
1997,44.04410582199243,-22.511697421333654
1998,5.3640492054049185,-36.26019937690686
1999,27.22942917161777,18.07780012136424
2000,49.06424814494589,-3.8335029906637375
2001,-44.81568540957684,-12.689553965885015
2002,-22.476578801338864,35.06244383492625
2003,15.175475468738533,-44.24489170982671
2004,-38.439383749970645,-20.162047151413237
2005,21.568977091047035,39.10457450764473
2006,4.9620753247995,-30.44671781791393
2007,20.683580931423776,7.769175080754833
2008,-37.88256339960334,-29.766542128007078
2009,26.026733467518174,17.00876677851538
2010,20.84565934895596,10.264864269894874
2011,35.827125841134865,-23.019055703975333
2012,-9.84775538997604,11.910180328843339
2013,-24.62720169583226,-33.2500110641926
2014,21.75271384365497,40.127447208128096
2015,26.116605779813796,35.33719309428908
2016,-9.566028474785334,-35.270032663666164
2017,-39.30199423679849,-20.757988460623533
2018,22.044806487254036,8.030540255474127
2019,17.695881539622263,14.395299692688054
2020,28.903354497385617,30.563846954001303
2021,26.299726142660543,35.168918050710325
2022,-18.565165224684694,-36.193055678224766
2023,23.234045006431288,38.50205459384974
2024,21.26379492000263,-39.87525793711475
2025,22.406439269226517,-31.805440857444587
2026,16.653669231104335,20.614462020042257
2027,-2.0005830003517726,-50.27113734953261
2028,-45.11310929056284,-9.97278899630959
2029,30.53138449032707,35.675588903932244
2030,-14.17197911553239,-31.0963652624774
2031,-44.71053464464228,-6.409610800235771
2032,35.047862586306145,-23.17227422388583
2033,6.231516619822766,47.43349921535912
2034,-26.197344829271664,33.07287067787666
2035,-15.509106723907001,45.53514328225039
2036,19.668818529872297,-40.503658818458234
2037,14.575733126512514,40.06860001990573
2038,17.092764541882016,-31.25913274754816
2039,-7.041598632853824,12.65860193337813
2040,4.664189369142571,44.41385767223283
2041,19.54723039064833,5.794319925478934
2042,26.8347405742448,-36.316695633559874
2043,-16.076626307495573,-33.68923287600245
2044,32.86240837289915,-35.54417244861127
2045,43.1466280093174,25.53615476944973
2046,5.991683012755547,-36.597169729768105
2047,3.1217366415231456,46.059989700586144
2048,44.881529218587104,11.93460925586476
2049,-44.95095088354918,7.314537547292337
2050,-14.699449503920908,-45.297277672421934
2051,-46.6999323273683,-2.58806940706449
2052,36.33109462792332,26.70934330906456
2053,6.322079903675355,45.04549892976934
2054,-15.899096167400469,-38.8037526249202
2055,-33.37322290064075,21.254137989693113
2056,-33.92794548443033,28.401488827311663
2057,-15.093485063660196,-37.69969654228309
